{
  "project_info": {
    "project_number": "727907000219",
    "project_id": "d-1001-27aec",
    "storage_bucket": "d-1001-27aec.appspot.com"
  },
  "client": [
    {
      "client_info": {
        "mobilesdk_app_id": "1:727907000219:android:270424d752d920f8708b3e",
        "android_client_info": {
          "package_name": "com.india.allinone.onlineshoppings"
        }
      },
      "oauth_client": [
        {
          "client_id": "727907000219-5773dvb9fvkss9ulura3q4bhshb0mass.apps.googleusercontent.com",
          "client_type": 3
        }
      ],
      "api_key": [
        {
          "current_key": "AIzaSyB4sHyeYgFX8LbTJFiHVvZRxdJg25jEWl4"
        }
      ],
      "services": {
        "appinvite_service": {
          "other_platform_oauth_client": [
            {
              "client_id": "727907000219-5773dvb9fvkss9ulura3q4bhshb0mass.apps.googleusercontent.com",
              "client_type": 3
            }
          ]
        }
      }
    }
  ],
  "configuration_version": "1"
}